{
    "description": "Metadata for pymrio",
    "name": "IO",
    "system": null,
    "version": null,
    "history": [
        "20250204 13:33:18 - FILEIO -  Saved IO to tmp",
        "20250204 13:33:18 - FILEIO -  Added satellite account from Q",
        "20250204 13:33:17 - FILEIO -  Added satellite account from VA",
        "20250204 13:33:06 - FILEIO -  Loaded IO system from Archive\\Gloria_v59a_2020.zip - ",
        "20250203 14:17:01 - FILEIO -  Saved IO to tmp",
        "20250203 14:15:42 - MODIFICATION -  Remove empty countries (['DYE']) columns from QY",
        "20250203 14:15:41 - MODIFICATION -  Remove empty countries (['DYE']) columns from Q",
        "20250203 14:15:41 - MODIFICATION -  Remove empty countries (['DYE']) row from VA",
        "20250203 14:15:41 - MODIFICATION -  Remove empty countries (['DYE']) columns from VA",
        "20250203 14:15:41 - MODIFICATION -  Remove empty countries (['DYE']) row from Y",
        "20250203 14:15:41 - MODIFICATION -  Remove empty countries (['DYE']) columns from Y",
        "20250203 14:15:38 - MODIFICATION -  Remove empty countries (['DYE']) row from T",
        "20250203 14:15:35 - MODIFICATION -  Remove empty countries (['DYE']) columns from T"
    ]
}